file_path,file_label
malfunction/2023-02-12T214202-3.wav,1
malfunction/2023-02-12T090415-1.wav,1
malfunction/2023-02-08T193817-3.wav,1
serviceable/2023-02-08T160103-6.wav,0
malfunction/2023-02-15T164116-6.wav,1
malfunction/2023-02-08T193417-1.wav,1
malfunction/2023-02-12T215802-6.wav,1
serviceable/2023-02-08T155704-4.wav,0
serviceable/2023-02-08T155704-6.wav,0
serviceable/2023-02-07T142425-6.wav,0
serviceable/2023-02-07T152228-2.wav,0
malfunction/2023-02-15T162716-1.wav,1
malfunction/2023-02-12T222050-4.wav,1
malfunction/2023-02-12T085415-4.wav,1
serviceable/2023-02-07T142625-2.wav,0
serviceable/2023-02-08T161115-3.wav,0
malfunction/2023-02-08T193317-5.wav,1
malfunction/2023-02-12T213902-4.wav,1
serviceable/2023-02-07T150148-4.wav,0
malfunction/2023-02-08T185017-6.wav,1
malfunction/2023-02-15T163516-5.wav,1
malfunction/2023-02-12T214002-2.wav,1
serviceable/2023-02-08T161815-3.wav,0
malfunction/2023-02-12T213002-3.wav,1
malfunction/2023-02-08T193717-5.wav,1
malfunction/2023-02-12T221550-2.wav,1
malfunction/2023-02-08T185317-3.wav,1
malfunction/2023-02-08T192217-5.wav,1
malfunction/2023-02-15T163916-2.wav,1
malfunction/2023-02-12T091815-3.wav,1
malfunction/2023-02-12T090715-5.wav,1
malfunction/2023-02-08T193817-2.wav,1
malfunction/2023-02-12T213102-6.wav,1
malfunction/2023-02-08T185217-2.wav,1
malfunction/2023-02-15T162616-6.wav,1
serviceable/2023-02-08T164014-5.wav,0
malfunction/2023-02-08T195040-5.wav,1
malfunction/2023-02-12T213402-3.wav,1
malfunction/2023-02-12T091815-1.wav,1
serviceable/2023-02-08T154908-5.wav,0
malfunction/2023-02-08T184122-2.wav,1
malfunction/2023-02-12T090015-1.wav,1
malfunction/2023-02-12T215102-5.wav,1
serviceable/2023-02-07T144357-6.wav,0
malfunction/2023-02-12T213602-6.wav,1
serviceable/2023-02-07T144457-1.wav,0
malfunction/2023-02-12T090015-4.wav,1
serviceable/2023-02-07T150148-5.wav,0
malfunction/2023-02-08T185017-3.wav,1
malfunction/2023-02-12T212302-5.wav,1
malfunction/2023-02-12T212302-6.wav,1
malfunction/2023-02-12T212502-4.wav,1
malfunction/2023-02-08T192417-4.wav,1
malfunction/2023-02-08T192717-1.wav,1
serviceable/2023-02-07T144457-2.wav,0
serviceable/2023-02-08T161515-2.wav,0
serviceable/2023-02-08T161415-2.wav,0
malfunction/2023-02-12T214502-6.wav,1
malfunction/2023-02-12T090915-1.wav,1
serviceable/2023-02-07T142825-4.wav,0
serviceable/2023-02-08T162015-5.wav,0
malfunction/2023-02-08T184617-6.wav,1
malfunction/2023-02-08T192417-1.wav,1
malfunction/2023-02-08T184717-3.wav,1
malfunction/2023-02-12T091115-4.wav,1
malfunction/2023-02-08T185017-4.wav,1
serviceable/2023-02-07T143225-5.wav,0
malfunction/2023-02-12T221650-2.wav,1
malfunction/2023-02-12T215302-1.wav,1
serviceable/2023-02-08T163314-1.wav,0
malfunction/2023-02-12T214802-6.wav,1
malfunction/2023-02-12T213602-1.wav,1
serviceable/2023-02-08T154608-1.wav,0
serviceable/2023-02-08T163714-5.wav,0
malfunction/2023-02-12T092215-4.wav,1
malfunction/2023-02-08T184917-1.wav,1
serviceable/2023-02-07T144357-1.wav,0
serviceable/2023-02-08T162115-4.wav,0
malfunction/2023-02-12T212602-1.wav,1
malfunction/2023-02-08T193817-6.wav,1
malfunction/2023-02-12T085315-4.wav,1
malfunction/2023-02-08T184317-5.wav,1
malfunction/2023-02-08T185717-5.wav,1
malfunction/2023-02-12T213002-6.wav,1
malfunction/2023-02-08T190417-4.wav,1
serviceable/2023-02-08T164114-2.wav,0
malfunction/2023-02-12T085715-1.wav,1
serviceable/2023-02-07T151048-3.wav,0
serviceable/2023-02-07T142125-4.wav,0
serviceable/2023-02-07T144557-4.wav,0
malfunction/2023-02-12T213802-1.wav,1
serviceable/2023-02-08T164314-2.wav,0
serviceable/2023-02-08T163414-4.wav,0
malfunction/2023-02-08T191017-6.wav,1
malfunction/2023-02-12T085615-4.wav,1
malfunction/2023-02-08T192517-2.wav,1
malfunction/2023-02-12T091315-4.wav,1
malfunction/2023-02-08T185617-3.wav,1
malfunction/2023-02-12T215402-4.wav,1
malfunction/2023-02-08T195340-3.wav,1
malfunction/2023-02-08T193717-4.wav,1
serviceable/2023-02-08T161415-1.wav,0
serviceable/2023-02-08T164814-2.wav,0
malfunction/2023-02-15T162816-4.wav,1
malfunction/2023-02-12T222350-5.wav,1
serviceable/2023-02-07T145848-6.wav,0
serviceable/2023-02-08T161215-4.wav,0
malfunction/2023-02-12T214002-3.wav,1
serviceable/2023-02-08T155704-2.wav,0
malfunction/2023-02-08T193217-2.wav,1
serviceable/2023-02-08T164314-6.wav,0
malfunction/2023-02-08T192317-1.wav,1
malfunction/2023-02-08T190617-6.wav,1
malfunction/2023-02-08T185917-2.wav,1
serviceable/2023-02-07T142525-5.wav,0
serviceable/2023-02-08T164214-5.wav,0
serviceable/2023-02-07T151048-4.wav,0
malfunction/2023-02-12T215702-2.wav,1
malfunction/2023-02-08T195840-3.wav,1
malfunction/2023-02-12T213202-4.wav,1
serviceable/2023-02-08T154608-4.wav,0
malfunction/2023-02-08T190217-4.wav,1
malfunction/2023-02-08T193317-6.wav,1
serviceable/2023-02-07T145448-6.wav,0
serviceable/2023-02-08T164814-6.wav,0
serviceable/2023-02-07T143425-6.wav,0
serviceable/2023-02-07T145448-5.wav,0
malfunction/2023-02-08T190917-4.wav,1
malfunction/2023-02-08T191917-3.wav,1
malfunction/2023-02-12T085715-6.wav,1
malfunction/2023-02-08T192517-3.wav,1
malfunction/2023-02-08T191017-3.wav,1
serviceable/2023-02-08T164514-2.wav,0
serviceable/2023-02-08T163015-3.wav,0
malfunction/2023-02-08T192317-3.wav,1
malfunction/2023-02-08T191017-1.wav,1
serviceable/2023-02-07T145848-4.wav,0
serviceable/2023-02-08T163914-4.wav,0
serviceable/2023-02-07T150848-3.wav,0
serviceable/2023-02-08T161115-6.wav,0
serviceable/2023-02-07T150248-2.wav,0
malfunction/2023-02-12T212702-6.wav,1
malfunction/2023-02-08T191217-3.wav,1
serviceable/2023-02-08T163614-3.wav,0
serviceable/2023-02-07T143025-6.wav,0
serviceable/2023-02-07T145248-3.wav,0
malfunction/2023-02-12T085315-1.wav,1
malfunction/2023-02-15T163716-4.wav,1
serviceable/2023-02-07T143525-3.wav,0
malfunction/2023-02-12T085215-1.wav,1
malfunction/2023-02-15T162816-2.wav,1
serviceable/2023-02-07T143225-1.wav,0
malfunction/2023-02-12T085415-5.wav,1
serviceable/2023-02-07T145948-4.wav,0
malfunction/2023-02-08T195640-5.wav,1
malfunction/2023-02-12T221450-1.wav,1
serviceable/2023-02-07T142125-1.wav,0
malfunction/2023-02-15T162416-3.wav,1
serviceable/2023-02-08T163814-2.wav,0
malfunction/2023-02-12T212106-1.wav,1
malfunction/2023-02-12T214902-4.wav,1
malfunction/2023-02-12T213402-1.wav,1
malfunction/2023-02-12T212602-2.wav,1
serviceable/2023-02-08T163814-1.wav,0
serviceable/2023-02-08T164514-5.wav,0
malfunction/2023-02-15T163916-5.wav,1
malfunction/2023-02-12T214602-4.wav,1
serviceable/2023-02-08T160103-5.wav,0
serviceable/2023-02-08T163215-1.wav,0
malfunction/2023-02-12T215402-1.wav,1
serviceable/2023-02-07T150348-4.wav,0
malfunction/2023-02-08T195740-2.wav,1
serviceable/2023-02-08T165837-6.wav,0
malfunction/2023-02-12T213402-5.wav,1
malfunction/2023-02-08T192517-1.wav,1
serviceable/2023-02-08T162315-5.wav,0
serviceable/2023-02-08T161715-1.wav,0
malfunction/2023-02-08T195940-2.wav,1
malfunction/2023-02-08T195640-2.wav,1
malfunction/2023-02-08T191917-6.wav,1
serviceable/2023-02-08T165537-6.wav,0
malfunction/2023-02-12T090015-2.wav,1
serviceable/2023-02-08T162815-3.wav,0
malfunction/2023-02-12T213702-4.wav,1
serviceable/2023-02-08T163215-3.wav,0
malfunction/2023-02-12T091115-5.wav,1
malfunction/2023-02-08T195540-6.wav,1
serviceable/2023-02-07T142925-6.wav,0
serviceable/2023-02-08T162815-5.wav,0
malfunction/2023-02-15T164116-5.wav,1
malfunction/2023-02-08T184717-4.wav,1
malfunction/2023-02-15T163716-1.wav,1
serviceable/2023-02-08T163215-2.wav,0
malfunction/2023-02-12T221850-5.wav,1
malfunction/2023-02-12T214002-6.wav,1
serviceable/2023-02-08T162715-6.wav,0
malfunction/2023-02-12T215102-4.wav,1
malfunction/2023-02-15T164216-6.wav,1
serviceable/2023-02-07T142425-5.wav,0
serviceable/2023-02-08T162715-3.wav,0
serviceable/2023-02-08T161915-3.wav,0
serviceable/2023-02-08T165837-4.wav,0
malfunction/2023-02-15T163016-4.wav,1
serviceable/2023-02-07T143125-2.wav,0
malfunction/2023-02-15T162816-5.wav,1
malfunction/2023-02-12T085815-5.wav,1
serviceable/2023-02-07T152128-1.wav,0
serviceable/2023-02-07T144557-2.wav,0
malfunction/2023-02-08T193217-4.wav,1
serviceable/2023-02-07T150548-5.wav,0
serviceable/2023-02-08T160815-2.wav,0
malfunction/2023-02-08T190017-2.wav,1
serviceable/2023-02-07T152228-5.wav,0
malfunction/2023-02-08T193617-5.wav,1
malfunction/2023-02-08T193517-4.wav,1
serviceable/2023-02-07T142325-5.wav,0
serviceable/2023-02-07T150948-6.wav,0
serviceable/2023-02-08T154708-3.wav,0
malfunction/2023-02-08T195340-1.wav,1
malfunction/2023-02-12T090715-3.wav,1
malfunction/2023-02-08T192617-6.wav,1
malfunction/2023-02-12T092115-6.wav,1
malfunction/2023-02-08T191217-5.wav,1
serviceable/2023-02-07T142225-1.wav,0
serviceable/2023-02-08T160003-4.wav,0
malfunction/2023-02-08T195940-4.wav,1
serviceable/2023-02-07T151048-5.wav,0
malfunction/2023-02-12T221650-4.wav,1
serviceable/2023-02-08T162815-2.wav,0
malfunction/2023-02-15T162816-3.wav,1
serviceable/2023-02-08T163914-6.wav,0
malfunction/2023-02-15T164216-3.wav,1
serviceable/2023-02-07T144659-5.wav,0
malfunction/2023-02-12T090515-6.wav,1
serviceable/2023-02-07T142725-1.wav,0
malfunction/2023-02-08T193417-5.wav,1
malfunction/2023-02-08T195140-1.wav,1
malfunction/2023-02-12T212902-3.wav,1
malfunction/2023-02-12T091815-6.wav,1
malfunction/2023-02-15T163316-3.wav,1
malfunction/2023-02-08T185617-1.wav,1
serviceable/2023-02-08T164614-2.wav,0
serviceable/2023-02-07T143325-4.wav,0
serviceable/2023-02-08T164114-3.wav,0
malfunction/2023-02-15T162916-1.wav,1
malfunction/2023-02-08T184317-3.wav,1
malfunction/2023-02-15T163116-4.wav,1
malfunction/2023-02-08T185117-4.wav,1
serviceable/2023-02-08T155008-4.wav,0
serviceable/2023-02-08T161715-5.wav,0
malfunction/2023-02-12T222250-4.wav,1
malfunction/2023-02-12T091215-1.wav,1
malfunction/2023-02-08T184517-6.wav,1
malfunction/2023-02-12T215202-6.wav,1
malfunction/2023-02-08T184517-4.wav,1
serviceable/2023-02-08T155903-5.wav,0
serviceable/2023-02-08T162015-3.wav,0
malfunction/2023-02-08T184122-6.wav,1
malfunction/2023-02-12T212106-3.wav,1
serviceable/2023-02-08T163814-6.wav,0
serviceable/2023-02-07T144808-4.wav,0
serviceable/2023-02-08T162215-6.wav,0
malfunction/2023-02-12T085915-3.wav,1
serviceable/2023-02-07T142125-6.wav,0
malfunction/2023-02-12T085515-6.wav,1
serviceable/2023-02-08T164714-1.wav,0
malfunction/2023-02-12T213802-2.wav,1
malfunction/2023-02-12T085215-4.wav,1
malfunction/2023-02-08T185017-2.wav,1
malfunction/2023-02-08T193417-4.wav,1
malfunction/2023-02-12T090715-1.wav,1
serviceable/2023-02-07T143025-1.wav,0
malfunction/2023-02-08T185117-3.wav,1
malfunction/2023-02-15T162616-4.wav,1
malfunction/2023-02-12T221650-3.wav,1
serviceable/2023-02-08T165438-5.wav,0
malfunction/2023-02-15T163916-4.wav,1
malfunction/2023-02-12T222150-5.wav,1
malfunction/2023-02-12T222850-2.wav,1
malfunction/2023-02-08T191317-4.wav,1
malfunction/2023-02-15T164316-1.wav,1
serviceable/2023-02-07T145948-5.wav,0
malfunction/2023-02-12T091315-6.wav,1
serviceable/2023-02-07T145748-5.wav,0
malfunction/2023-02-12T215602-6.wav,1
malfunction/2023-02-08T193717-1.wav,1
malfunction/2023-02-12T222650-2.wav,1
malfunction/2023-02-12T213402-6.wav,1
malfunction/2023-02-08T190717-2.wav,1
malfunction/2023-02-08T184317-4.wav,1
serviceable/2023-02-07T143325-5.wav,0
malfunction/2023-02-08T184617-4.wav,1
serviceable/2023-02-07T142125-2.wav,0
serviceable/2023-02-07T150448-6.wav,0
malfunction/2023-02-12T091615-4.wav,1
serviceable/2023-02-07T150448-3.wav,0
serviceable/2023-02-07T150948-2.wav,0
malfunction/2023-02-12T222650-6.wav,1
serviceable/2023-02-08T155108-4.wav,0
serviceable/2023-02-08T164014-4.wav,0
malfunction/2023-02-12T090115-1.wav,1
serviceable/2023-02-08T164714-4.wav,0
serviceable/2023-02-08T161415-6.wav,0
serviceable/2023-02-07T145648-4.wav,0
malfunction/2023-02-12T212902-1.wav,1
serviceable/2023-02-08T162115-2.wav,0
malfunction/2023-02-08T190717-6.wav,1
malfunction/2023-02-15T162916-6.wav,1
malfunction/2023-02-12T085115-3.wav,1
malfunction/2023-02-08T184018-6.wav,1
malfunction/2023-02-12T085915-6.wav,1
malfunction/2023-02-12T091115-1.wav,1
malfunction/2023-02-08T192917-5.wav,1
malfunction/2023-02-12T212402-3.wav,1
serviceable/2023-02-08T160615-1.wav,0
serviceable/2023-02-07T145448-4.wav,0
serviceable/2023-02-08T165637-5.wav,0
malfunction/2023-02-12T092015-3.wav,1
malfunction/2023-02-15T162316-5.wav,1
serviceable/2023-02-08T162115-6.wav,0
serviceable/2023-02-08T163714-2.wav,0
serviceable/2023-02-07T144659-1.wav,0
malfunction/2023-02-12T212302-3.wav,1
serviceable/2023-02-07T143225-6.wav,0
malfunction/2023-02-12T222250-2.wav,1
malfunction/2023-02-08T195640-3.wav,1
malfunction/2023-02-12T214602-2.wav,1
malfunction/2023-02-08T190517-6.wav,1
serviceable/2023-02-07T150748-4.wav,0
malfunction/2023-02-12T212802-2.wav,1
malfunction/2023-02-12T212402-4.wav,1
serviceable/2023-02-07T151048-1.wav,0
malfunction/2023-02-12T085015-1.wav,1
malfunction/2023-02-12T091015-6.wav,1
malfunction/2023-02-12T092115-5.wav,1
serviceable/2023-02-08T161615-5.wav,0
malfunction/2023-02-15T162416-5.wav,1
malfunction/2023-02-15T163916-3.wav,1
malfunction/2023-02-08T185617-2.wav,1
serviceable/2023-02-08T161715-3.wav,0
malfunction/2023-02-08T192017-3.wav,1
serviceable/2023-02-07T150048-3.wav,0
malfunction/2023-02-15T164216-4.wav,1
malfunction/2023-02-12T212702-4.wav,1
malfunction/2023-02-12T222750-6.wav,1
malfunction/2023-02-08T191517-3.wav,1
malfunction/2023-02-12T222050-6.wav,1
serviceable/2023-02-07T150948-1.wav,0
malfunction/2023-02-12T215102-6.wav,1
serviceable/2023-02-07T142525-1.wav,0
malfunction/2023-02-15T162616-5.wav,1
malfunction/2023-02-15T164416-3.wav,1
serviceable/2023-02-08T155108-2.wav,0
serviceable/2023-02-08T165537-1.wav,0
serviceable/2023-02-08T162015-6.wav,0
serviceable/2023-02-07T150648-3.wav,0
serviceable/2023-02-08T163514-5.wav,0
malfunction/2023-02-08T185117-2.wav,1
malfunction/2023-02-12T221850-1.wav,1
malfunction/2023-02-12T090215-3.wav,1
serviceable/2023-02-07T142625-5.wav,0
malfunction/2023-02-12T222750-3.wav,1
malfunction/2023-02-15T163616-2.wav,1
serviceable/2023-02-08T160515-1.wav,0
serviceable/2023-02-08T163914-2.wav,0
malfunction/2023-02-12T215102-2.wav,1
malfunction/2023-02-08T190917-3.wav,1
serviceable/2023-02-08T163514-6.wav,0
malfunction/2023-02-08T184717-1.wav,1
malfunction/2023-02-08T193217-5.wav,1
malfunction/2023-02-08T195040-4.wav,1
serviceable/2023-02-08T164614-6.wav,0
malfunction/2023-02-12T085515-2.wav,1
malfunction/2023-02-12T085315-6.wav,1
serviceable/2023-02-07T150348-5.wav,0
malfunction/2023-02-12T085815-1.wav,1
serviceable/2023-02-08T164614-4.wav,0
malfunction/2023-02-12T091815-5.wav,1
malfunction/2023-02-12T213602-3.wav,1
malfunction/2023-02-08T190017-3.wav,1
malfunction/2023-02-08T191117-2.wav,1
malfunction/2023-02-15T164116-3.wav,1
malfunction/2023-02-12T221350-4.wav,1
malfunction/2023-02-08T185217-1.wav,1
malfunction/2023-02-12T091615-3.wav,1
malfunction/2023-02-12T222650-1.wav,1
malfunction/2023-02-08T184217-6.wav,1
malfunction/2023-02-15T163216-2.wav,1
malfunction/2023-02-08T192017-4.wav,1
malfunction/2023-02-12T212902-6.wav,1
malfunction/2023-02-08T195440-2.wav,1
serviceable/2023-02-07T144910-5.wav,0
malfunction/2023-02-08T191617-3.wav,1
malfunction/2023-02-08T190817-3.wav,1
malfunction/2023-02-08T195840-5.wav,1
serviceable/2023-02-08T164814-1.wav,0
malfunction/2023-02-12T213502-6.wav,1
malfunction/2023-02-12T090115-6.wav,1
malfunction/2023-02-12T090415-6.wav,1
malfunction/2023-02-12T085115-1.wav,1
serviceable/2023-02-08T154416-6.wav,0
serviceable/2023-02-07T145848-3.wav,0
malfunction/2023-02-15T163816-4.wav,1
serviceable/2023-02-08T161915-5.wav,0
malfunction/2023-02-12T092015-6.wav,1
serviceable/2023-02-08T161815-2.wav,0
serviceable/2023-02-07T145648-1.wav,0
malfunction/2023-02-08T185617-6.wav,1
serviceable/2023-02-07T150748-2.wav,0
malfunction/2023-02-15T164016-5.wav,1
serviceable/2023-02-08T162315-4.wav,0
malfunction/2023-02-15T163716-2.wav,1
malfunction/2023-02-15T163016-5.wav,1
malfunction/2023-02-08T184122-1.wav,1
serviceable/2023-02-08T160003-2.wav,0
malfunction/2023-02-12T213802-3.wav,1
serviceable/2023-02-07T142325-4.wav,0
malfunction/2023-02-08T195840-6.wav,1
serviceable/2023-02-08T154608-6.wav,0
serviceable/2023-02-07T145248-6.wav,0
malfunction/2023-02-08T192817-6.wav,1
malfunction/2023-02-12T222250-5.wav,1
serviceable/2023-02-08T164414-5.wav,0
malfunction/2023-02-12T212206-2.wav,1
serviceable/2023-02-08T162815-1.wav,0
malfunction/2023-02-12T213902-1.wav,1
malfunction/2023-02-12T090215-5.wav,1
serviceable/2023-02-08T163714-6.wav,0
serviceable/2023-02-07T152028-1.wav,0
serviceable/2023-02-07T142825-3.wav,0
serviceable/2023-02-08T161115-2.wav,0
serviceable/2023-02-08T160515-2.wav,0
malfunction/2023-02-08T190817-2.wav,1
malfunction/2023-02-08T195740-3.wav,1
malfunction/2023-02-15T162316-3.wav,1
serviceable/2023-02-07T145748-2.wav,0
malfunction/2023-02-08T191917-2.wav,1
malfunction/2023-02-08T190317-6.wav,1
serviceable/2023-02-08T162015-2.wav,0
serviceable/2023-02-08T164414-4.wav,0
malfunction/2023-02-08T193717-3.wav,1
malfunction/2023-02-08T184018-5.wav,1
serviceable/2023-02-08T163215-4.wav,0
malfunction/2023-02-08T184018-3.wav,1
malfunction/2023-02-12T090915-3.wav,1
serviceable/2023-02-07T143525-2.wav,0
malfunction/2023-02-12T085515-3.wav,1
malfunction/2023-02-12T085115-6.wav,1
serviceable/2023-02-07T144910-3.wav,0
serviceable/2023-02-08T164214-1.wav,0
serviceable/2023-02-08T160515-5.wav,0
malfunction/2023-02-15T163416-2.wav,1
serviceable/2023-02-08T160615-5.wav,0
malfunction/2023-02-12T091015-4.wav,1
serviceable/2023-02-08T161215-2.wav,0
malfunction/2023-02-12T092315-6.wav,1
serviceable/2023-02-08T160715-2.wav,0
malfunction/2023-02-12T221650-1.wav,1
serviceable/2023-02-07T142925-3.wav,0
serviceable/2023-02-08T162615-6.wav,0
malfunction/2023-02-08T190017-1.wav,1
malfunction/2023-02-12T213202-6.wav,1
serviceable/2023-02-08T154608-2.wav,0
malfunction/2023-02-12T215202-1.wav,1
serviceable/2023-02-08T163614-6.wav,0
malfunction/2023-02-15T163216-1.wav,1
serviceable/2023-02-08T155108-1.wav,0
serviceable/2023-02-08T155903-2.wav,0
malfunction/2023-02-12T092315-2.wav,1
malfunction/2023-02-08T193517-3.wav,1
malfunction/2023-02-12T213702-3.wav,1
malfunction/2023-02-12T090815-5.wav,1
malfunction/2023-02-08T192117-3.wav,1
malfunction/2023-02-08T184517-1.wav,1
serviceable/2023-02-08T161615-3.wav,0
serviceable/2023-02-07T152128-2.wav,0
serviceable/2023-02-08T165438-6.wav,0
serviceable/2023-02-07T144808-5.wav,0
malfunction/2023-02-12T090015-6.wav,1
malfunction/2023-02-08T195640-6.wav,1
serviceable/2023-02-08T155803-5.wav,0
malfunction/2023-02-12T214902-2.wav,1
malfunction/2023-02-12T214802-1.wav,1
malfunction/2023-02-12T215502-1.wav,1
malfunction/2023-02-12T085015-6.wav,1
malfunction/2023-02-08T185517-5.wav,1
malfunction/2023-02-12T214702-5.wav,1
malfunction/2023-02-12T092415-6.wav,1
serviceable/2023-02-07T142625-4.wav,0
malfunction/2023-02-08T185817-4.wav,1
serviceable/2023-02-07T144910-1.wav,0
serviceable/2023-02-08T161515-6.wav,0
malfunction/2023-02-12T215502-2.wav,1
serviceable/2023-02-08T162515-4.wav,0
malfunction/2023-02-08T185017-1.wav,1
malfunction/2023-02-08T184917-4.wav,1
serviceable/2023-02-08T154808-2.wav,0
serviceable/2023-02-07T142725-2.wav,0
malfunction/2023-02-08T191117-5.wav,1
malfunction/2023-02-12T090315-1.wav,1
serviceable/2023-02-08T160615-2.wav,0
malfunction/2023-02-12T085915-1.wav,1
serviceable/2023-02-07T145948-1.wav,0
malfunction/2023-02-08T190617-2.wav,1
serviceable/2023-02-07T150848-2.wav,0
serviceable/2023-02-08T164514-3.wav,0
malfunction/2023-02-12T213302-6.wav,1
malfunction/2023-02-12T212106-4.wav,1
malfunction/2023-02-12T213202-5.wav,1
malfunction/2023-02-08T185117-6.wav,1
malfunction/2023-02-12T213302-4.wav,1
malfunction/2023-02-12T215302-3.wav,1
serviceable/2023-02-08T164314-5.wav,0
malfunction/2023-02-08T185417-1.wav,1
malfunction/2023-02-12T090415-3.wav,1
malfunction/2023-02-08T191517-4.wav,1
malfunction/2023-02-12T214202-2.wav,1
serviceable/2023-02-08T161815-4.wav,0
malfunction/2023-02-08T185217-3.wav,1
malfunction/2023-02-12T091115-3.wav,1
serviceable/2023-02-08T164414-1.wav,0
malfunction/2023-02-12T091715-1.wav,1
malfunction/2023-02-08T195140-2.wav,1
malfunction/2023-02-12T221850-2.wav,1
malfunction/2023-02-15T162816-1.wav,1
malfunction/2023-02-08T191317-5.wav,1
serviceable/2023-02-08T154908-4.wav,0
malfunction/2023-02-12T213502-4.wav,1
malfunction/2023-02-08T192617-1.wav,1
serviceable/2023-02-08T162415-5.wav,0
malfunction/2023-02-08T193117-4.wav,1
malfunction/2023-02-08T195740-1.wav,1
malfunction/2023-02-12T222450-2.wav,1
malfunction/2023-02-12T215002-4.wav,1
malfunction/2023-02-12T085715-2.wav,1
serviceable/2023-02-07T142525-4.wav,0
serviceable/2023-02-07T150048-5.wav,0
malfunction/2023-02-08T195440-3.wav,1
malfunction/2023-02-12T090915-5.wav,1
malfunction/2023-02-15T163416-3.wav,1
malfunction/2023-02-12T213102-5.wav,1
malfunction/2023-02-15T164116-4.wav,1
malfunction/2023-02-08T184217-2.wav,1
malfunction/2023-02-08T195340-6.wav,1
serviceable/2023-02-08T160515-3.wav,0
malfunction/2023-02-08T185817-3.wav,1
malfunction/2023-02-12T091515-2.wav,1
malfunction/2023-02-08T184717-5.wav,1
serviceable/2023-02-07T144659-6.wav,0
serviceable/2023-02-08T164314-1.wav,0
malfunction/2023-02-08T193417-3.wav,1
serviceable/2023-02-07T142925-2.wav,0
malfunction/2023-02-12T221850-4.wav,1
serviceable/2023-02-07T144659-3.wav,0
serviceable/2023-02-08T164514-4.wav,0
malfunction/2023-02-12T222950-2.wav,1
malfunction/2023-02-08T191717-2.wav,1
serviceable/2023-02-07T152228-1.wav,0
malfunction/2023-02-08T193817-1.wav,1
serviceable/2023-02-08T164814-4.wav,0
serviceable/2023-02-08T163414-6.wav,0
malfunction/2023-02-08T193517-2.wav,1
malfunction/2023-02-12T221750-4.wav,1
serviceable/2023-02-07T142425-3.wav,0
serviceable/2023-02-07T143425-5.wav,0
serviceable/2023-02-08T154416-4.wav,0
malfunction/2023-02-12T214902-5.wav,1
malfunction/2023-02-08T193017-4.wav,1
malfunction/2023-02-12T085215-6.wav,1
malfunction/2023-02-15T162816-6.wav,1
serviceable/2023-02-08T160915-4.wav,0
serviceable/2023-02-08T155803-3.wav,0
serviceable/2023-02-08T163614-5.wav,0
malfunction/2023-02-12T091115-6.wav,1
serviceable/2023-02-08T161015-1.wav,0
malfunction/2023-02-12T092215-5.wav,1
malfunction/2023-02-08T192017-6.wav,1
serviceable/2023-02-07T143125-4.wav,0
serviceable/2023-02-07T143025-5.wav,0
serviceable/2023-02-08T161615-6.wav,0
serviceable/2023-02-08T165537-5.wav,0
serviceable/2023-02-08T163514-3.wav,0
serviceable/2023-02-08T161515-3.wav,0
serviceable/2023-02-08T160715-6.wav,0
malfunction/2023-02-12T091515-1.wav,1
malfunction/2023-02-08T190417-5.wav,1
malfunction/2023-02-08T184817-3.wav,1
malfunction/2023-02-12T214102-4.wav,1
malfunction/2023-02-12T091115-2.wav,1
malfunction/2023-02-12T221550-5.wav,1
serviceable/2023-02-07T144808-6.wav,0
malfunction/2023-02-12T222150-2.wav,1
malfunction/2023-02-12T221350-3.wav,1
malfunction/2023-02-12T214702-6.wav,1
serviceable/2023-02-07T151148-2.wav,0
serviceable/2023-02-08T154808-3.wav,0
malfunction/2023-02-08T191817-3.wav,1
serviceable/2023-02-08T162415-6.wav,0
serviceable/2023-02-07T142425-2.wav,0
malfunction/2023-02-12T214602-6.wav,1
malfunction/2023-02-12T213902-6.wav,1
malfunction/2023-02-08T184917-2.wav,1
serviceable/2023-02-08T162815-6.wav,0
serviceable/2023-02-08T165438-3.wav,0
malfunction/2023-02-08T194941-2.wav,1
serviceable/2023-02-08T160915-1.wav,0
malfunction/2023-02-12T212702-1.wav,1
malfunction/2023-02-08T191617-4.wav,1
malfunction/2023-02-12T212206-6.wav,1
malfunction/2023-02-15T162616-3.wav,1
malfunction/2023-02-08T191717-4.wav,1
serviceable/2023-02-07T144457-4.wav,0
malfunction/2023-02-12T215002-3.wav,1
serviceable/2023-02-08T162615-1.wav,0
serviceable/2023-02-07T150548-1.wav,0
serviceable/2023-02-07T152228-3.wav,0
serviceable/2023-02-07T144457-3.wav,0
serviceable/2023-02-08T163015-4.wav,0
malfunction/2023-02-15T163116-1.wav,1
serviceable/2023-02-08T161315-4.wav,0
malfunction/2023-02-08T195140-3.wav,1
malfunction/2023-02-12T090615-3.wav,1
malfunction/2023-02-15T163016-1.wav,1
serviceable/2023-02-08T164714-2.wav,0
malfunction/2023-02-12T215202-4.wav,1
serviceable/2023-02-08T160715-4.wav,0
malfunction/2023-02-08T195440-1.wav,1
malfunction/2023-02-08T190317-4.wav,1
malfunction/2023-02-08T193017-1.wav,1
malfunction/2023-02-08T190117-2.wav,1
malfunction/2023-02-15T163216-5.wav,1
serviceable/2023-02-07T145948-2.wav,0
malfunction/2023-02-08T193117-6.wav,1
malfunction/2023-02-08T192717-4.wav,1
serviceable/2023-02-07T145748-6.wav,0
malfunction/2023-02-08T184417-2.wav,1
serviceable/2023-02-08T154508-1.wav,0
serviceable/2023-02-08T162115-3.wav,0
serviceable/2023-02-08T164814-5.wav,0
malfunction/2023-02-12T222150-3.wav,1
malfunction/2023-02-12T214602-3.wav,1
malfunction/2023-02-12T091615-6.wav,1
serviceable/2023-02-07T144257-1.wav,0
malfunction/2023-02-08T192817-5.wav,1
serviceable/2023-02-08T161015-4.wav,0
malfunction/2023-02-08T191817-2.wav,1
serviceable/2023-02-08T155803-1.wav,0
malfunction/2023-02-15T163616-1.wav,1
serviceable/2023-02-08T162415-4.wav,0
malfunction/2023-02-12T221750-2.wav,1
malfunction/2023-02-12T091015-3.wav,1
malfunction/2023-02-08T184317-2.wav,1
malfunction/2023-02-08T185417-6.wav,1
serviceable/2023-02-07T152028-3.wav,0
serviceable/2023-02-07T145548-5.wav,0
serviceable/2023-02-07T150148-6.wav,0
malfunction/2023-02-12T215602-3.wav,1
serviceable/2023-02-07T150648-1.wav,0
malfunction/2023-02-08T185917-3.wav,1
serviceable/2023-02-08T160003-6.wav,0
serviceable/2023-02-08T160915-2.wav,0
serviceable/2023-02-08T162615-4.wav,0
serviceable/2023-02-08T163814-3.wav,0
serviceable/2023-02-07T145448-2.wav,0
malfunction/2023-02-15T163816-3.wav,1
malfunction/2023-02-12T214102-6.wav,1
serviceable/2023-02-08T165537-4.wav,0
malfunction/2023-02-12T214002-5.wav,1
malfunction/2023-02-12T091015-5.wav,1
serviceable/2023-02-08T163814-4.wav,0
malfunction/2023-02-12T221450-4.wav,1
serviceable/2023-02-08T154508-2.wav,0
malfunction/2023-02-08T195040-1.wav,1
malfunction/2023-02-08T185417-3.wav,1
malfunction/2023-02-12T212502-2.wav,1
malfunction/2023-02-12T091315-3.wav,1
serviceable/2023-02-08T162815-4.wav,0
malfunction/2023-02-12T222950-6.wav,1
serviceable/2023-02-07T150048-1.wav,0
serviceable/2023-02-08T161315-5.wav,0
malfunction/2023-02-12T214702-3.wav,1
malfunction/2023-02-08T195940-1.wav,1
malfunction/2023-02-12T092415-2.wav,1
malfunction/2023-02-08T185917-1.wav,1
serviceable/2023-02-08T154808-5.wav,0
serviceable/2023-02-07T142125-3.wav,0
malfunction/2023-02-12T214302-6.wav,1
serviceable/2023-02-07T150048-2.wav,0
serviceable/2023-02-07T150648-4.wav,0
serviceable/2023-02-08T162115-1.wav,0
malfunction/2023-02-08T191217-2.wav,1
malfunction/2023-02-15T163416-6.wav,1
malfunction/2023-02-08T191217-6.wav,1
malfunction/2023-02-08T192817-4.wav,1
serviceable/2023-02-08T163514-2.wav,0
malfunction/2023-02-15T162916-5.wav,1
serviceable/2023-02-08T155108-3.wav,0
malfunction/2023-02-08T185517-6.wav,1
serviceable/2023-02-07T144257-2.wav,0
malfunction/2023-02-08T191017-2.wav,1
malfunction/2023-02-12T215802-1.wav,1
serviceable/2023-02-08T165737-3.wav,0
serviceable/2023-02-08T155008-5.wav,0
malfunction/2023-02-08T192617-3.wav,1
serviceable/2023-02-08T164714-6.wav,0
malfunction/2023-02-08T193617-4.wav,1
malfunction/2023-02-08T195040-6.wav,1
serviceable/2023-02-07T143025-4.wav,0
malfunction/2023-02-12T214902-6.wav,1
serviceable/2023-02-08T161415-3.wav,0
serviceable/2023-02-07T145548-1.wav,0
malfunction/2023-02-12T212802-4.wav,1
serviceable/2023-02-07T144910-2.wav,0
malfunction/2023-02-08T191617-5.wav,1
serviceable/2023-02-08T154608-5.wav,0
malfunction/2023-02-12T214402-1.wav,1
serviceable/2023-02-07T143325-3.wav,0
serviceable/2023-02-08T164014-6.wav,0
serviceable/2023-02-08T163015-5.wav,0
serviceable/2023-02-07T150348-2.wav,0
serviceable/2023-02-08T163015-6.wav,0
malfunction/2023-02-12T090615-5.wav,1
serviceable/2023-02-07T142725-4.wav,0
malfunction/2023-02-08T195040-3.wav,1
malfunction/2023-02-08T190517-2.wav,1
malfunction/2023-02-08T190417-1.wav,1
serviceable/2023-02-08T164414-3.wav,0
serviceable/2023-02-07T150748-3.wav,0
serviceable/2023-02-07T143525-1.wav,0
malfunction/2023-02-12T215302-5.wav,1
malfunction/2023-02-08T192317-2.wav,1
malfunction/2023-02-08T195840-1.wav,1
serviceable/2023-02-07T150548-4.wav,0
malfunction/2023-02-12T222550-1.wav,1
malfunction/2023-02-12T222350-2.wav,1
serviceable/2023-02-08T163814-5.wav,0
malfunction/2023-02-15T162716-5.wav,1
malfunction/2023-02-12T221750-6.wav,1
malfunction/2023-02-08T192917-1.wav,1
malfunction/2023-02-08T185417-5.wav,1
malfunction/2023-02-15T163116-6.wav,1
malfunction/2023-02-12T212802-5.wav,1
serviceable/2023-02-07T144659-4.wav,0
serviceable/2023-02-08T163414-2.wav,0
malfunction/2023-02-15T162416-6.wav,1
serviceable/2023-02-07T150648-5.wav,0
malfunction/2023-02-12T085215-3.wav,1
malfunction/2023-02-12T212502-3.wav,1
malfunction/2023-02-08T185517-2.wav,1
malfunction/2023-02-08T184122-5.wav,1
serviceable/2023-02-08T160515-6.wav,0
malfunction/2023-02-12T090015-5.wav,1
serviceable/2023-02-07T142725-3.wav,0
malfunction/2023-02-12T085715-3.wav,1
malfunction/2023-02-08T192917-2.wav,1
serviceable/2023-02-07T142225-2.wav,0
malfunction/2023-02-12T215102-1.wav,1
malfunction/2023-02-12T090415-2.wav,1
malfunction/2023-02-08T185717-2.wav,1
malfunction/2023-02-08T191217-1.wav,1
serviceable/2023-02-07T145848-1.wav,0
malfunction/2023-02-12T213202-2.wav,1
serviceable/2023-02-07T145948-3.wav,0
malfunction/2023-02-08T190917-1.wav,1
malfunction/2023-02-08T194941-3.wav,1
malfunction/2023-02-12T090615-6.wav,1
malfunction/2023-02-08T193717-2.wav,1
malfunction/2023-02-12T212402-5.wav,1
serviceable/2023-02-08T162615-2.wav,0
malfunction/2023-02-12T215802-2.wav,1
malfunction/2023-02-12T213502-1.wav,1
serviceable/2023-02-08T162715-1.wav,0
malfunction/2023-02-08T193517-6.wav,1
malfunction/2023-02-08T185417-2.wav,1
malfunction/2023-02-08T190217-2.wav,1
serviceable/2023-02-08T165737-1.wav,0
malfunction/2023-02-12T215802-4.wav,1
serviceable/2023-02-07T144557-6.wav,0
serviceable/2023-02-08T164814-3.wav,0
serviceable/2023-02-07T150248-1.wav,0
malfunction/2023-02-12T215702-3.wav,1
malfunction/2023-02-12T090215-4.wav,1
malfunction/2023-02-08T184018-4.wav,1
serviceable/2023-02-08T161315-1.wav,0
serviceable/2023-02-07T151148-1.wav,0
malfunction/2023-02-08T190817-4.wav,1
serviceable/2023-02-08T155803-6.wav,0
malfunction/2023-02-12T221450-5.wav,1
serviceable/2023-02-07T145248-5.wav,0
malfunction/2023-02-08T191617-1.wav,1
malfunction/2023-02-08T193317-4.wav,1
serviceable/2023-02-08T154708-4.wav,0
malfunction/2023-02-12T212702-5.wav,1
serviceable/2023-02-07T143525-6.wav,0
malfunction/2023-02-12T222950-1.wav,1
malfunction/2023-02-12T222550-3.wav,1
malfunction/2023-02-12T091415-5.wav,1
malfunction/2023-02-12T091315-1.wav,1
serviceable/2023-02-08T155108-5.wav,0
malfunction/2023-02-08T190217-3.wav,1
malfunction/2023-02-08T192817-2.wav,1
malfunction/2023-02-12T085115-5.wav,1
malfunction/2023-02-15T163016-3.wav,1
malfunction/2023-02-12T085415-1.wav,1
malfunction/2023-02-08T184617-2.wav,1
malfunction/2023-02-12T091915-4.wav,1
malfunction/2023-02-12T091915-3.wav,1
malfunction/2023-02-08T193117-3.wav,1
malfunction/2023-02-12T090915-4.wav,1
malfunction/2023-02-08T192017-5.wav,1
malfunction/2023-02-12T222850-4.wav,1
malfunction/2023-02-12T214502-2.wav,1
malfunction/2023-02-08T185517-4.wav,1
malfunction/2023-02-08T194941-4.wav,1
malfunction/2023-02-15T164116-1.wav,1
serviceable/2023-02-07T152028-6.wav,0
malfunction/2023-02-15T164116-2.wav,1
malfunction/2023-02-12T215602-4.wav,1
malfunction/2023-02-08T184018-1.wav,1
malfunction/2023-02-08T185917-6.wav,1
serviceable/2023-02-08T154508-6.wav,0
serviceable/2023-02-08T165737-6.wav,0
malfunction/2023-02-08T184817-1.wav,1
serviceable/2023-02-08T162515-5.wav,0
serviceable/2023-02-07T150948-5.wav,0
malfunction/2023-02-12T222050-5.wav,1
malfunction/2023-02-12T085115-2.wav,1
malfunction/2023-02-12T221650-6.wav,1
malfunction/2023-02-08T195140-6.wav,1
serviceable/2023-02-07T145248-2.wav,0
malfunction/2023-02-08T193117-1.wav,1
malfunction/2023-02-15T164016-2.wav,1
serviceable/2023-02-07T142225-3.wav,0
serviceable/2023-02-07T142825-5.wav,0
serviceable/2023-02-08T160915-6.wav,0
malfunction/2023-02-08T195340-4.wav,1
malfunction/2023-02-12T222450-3.wav,1
malfunction/2023-02-12T092415-5.wav,1
malfunction/2023-02-12T092315-3.wav,1
serviceable/2023-02-07T145648-3.wav,0
serviceable/2023-02-08T162615-5.wav,0
serviceable/2023-02-07T150348-6.wav,0
malfunction/2023-02-12T090815-4.wav,1
malfunction/2023-02-12T215302-6.wav,1
serviceable/2023-02-08T161815-5.wav,0
malfunction/2023-02-08T185317-4.wav,1
malfunction/2023-02-12T212502-6.wav,1
malfunction/2023-02-08T193717-6.wav,1
malfunction/2023-02-12T221550-4.wav,1
malfunction/2023-02-12T091715-6.wav,1
serviceable/2023-02-07T150648-6.wav,0
malfunction/2023-02-08T185217-5.wav,1
malfunction/2023-02-12T085415-2.wav,1
malfunction/2023-02-08T192617-2.wav,1
serviceable/2023-02-07T142925-5.wav,0
malfunction/2023-02-12T085015-2.wav,1
serviceable/2023-02-07T144257-3.wav,0
malfunction/2023-02-12T090215-2.wav,1
malfunction/2023-02-12T213702-6.wav,1
malfunction/2023-02-15T164316-6.wav,1
malfunction/2023-02-12T215502-3.wav,1
malfunction/2023-02-15T162416-2.wav,1
malfunction/2023-02-15T164016-1.wav,1
malfunction/2023-02-12T221450-6.wav,1
malfunction/2023-02-08T185717-4.wav,1
serviceable/2023-02-08T163115-5.wav,0
serviceable/2023-02-08T161615-1.wav,0
serviceable/2023-02-07T143125-5.wav,0
malfunction/2023-02-12T222250-3.wav,1
malfunction/2023-02-08T191317-6.wav,1
serviceable/2023-02-07T143225-4.wav,0
serviceable/2023-02-08T164414-6.wav,0
malfunction/2023-02-15T164316-3.wav,1
serviceable/2023-02-08T154416-1.wav,0
serviceable/2023-02-07T145648-5.wav,0
malfunction/2023-02-08T192217-2.wav,1
malfunction/2023-02-08T190017-5.wav,1
malfunction/2023-02-15T163316-4.wav,1
malfunction/2023-02-12T091815-4.wav,1
malfunction/2023-02-12T212602-3.wav,1
serviceable/2023-02-07T144457-6.wav,0
malfunction/2023-02-08T191017-5.wav,1
malfunction/2023-02-12T213002-1.wav,1
malfunction/2023-02-12T212502-5.wav,1
malfunction/2023-02-08T195340-5.wav,1
serviceable/2023-02-08T161315-3.wav,0
serviceable/2023-02-08T162715-4.wav,0
serviceable/2023-02-08T162515-1.wav,0
serviceable/2023-02-08T160815-6.wav,0
malfunction/2023-02-15T162316-2.wav,1
serviceable/2023-02-07T144357-2.wav,0
malfunction/2023-02-08T192417-2.wav,1
malfunction/2023-02-12T212402-2.wav,1
malfunction/2023-02-08T191817-6.wav,1
malfunction/2023-02-12T090315-6.wav,1
serviceable/2023-02-08T163015-1.wav,0
serviceable/2023-02-08T164614-1.wav,0
malfunction/2023-02-08T192117-2.wav,1
malfunction/2023-02-15T164216-2.wav,1
malfunction/2023-02-08T191217-4.wav,1
malfunction/2023-02-12T085815-2.wav,1
malfunction/2023-02-08T184517-3.wav,1
malfunction/2023-02-12T214302-3.wav,1
malfunction/2023-02-08T195940-3.wav,1
malfunction/2023-02-08T195440-5.wav,1
malfunction/2023-02-08T192517-5.wav,1
serviceable/2023-02-08T163614-1.wav,0
malfunction/2023-02-12T221750-1.wav,1
malfunction/2023-02-12T215702-5.wav,1
serviceable/2023-02-07T152128-5.wav,0
malfunction/2023-02-15T164316-5.wav,1
malfunction/2023-02-12T212802-6.wav,1
malfunction/2023-02-12T092015-1.wav,1
malfunction/2023-02-08T194941-1.wav,1
malfunction/2023-02-12T222950-3.wav,1
serviceable/2023-02-08T155903-1.wav,0
serviceable/2023-02-08T161115-1.wav,0
malfunction/2023-02-15T163616-5.wav,1
serviceable/2023-02-08T164514-1.wav,0
serviceable/2023-02-08T163215-6.wav,0
serviceable/2023-02-08T164014-3.wav,0
malfunction/2023-02-12T215302-4.wav,1
malfunction/2023-02-08T190717-3.wav,1
malfunction/2023-02-15T163816-5.wav,1
malfunction/2023-02-08T185717-3.wav,1
malfunction/2023-02-08T192317-4.wav,1
serviceable/2023-02-07T150848-6.wav,0
malfunction/2023-02-12T215502-4.wav,1
malfunction/2023-02-12T212602-4.wav,1
malfunction/2023-02-08T192817-3.wav,1
malfunction/2023-02-12T212402-1.wav,1
malfunction/2023-02-08T190217-1.wav,1
malfunction/2023-02-08T190317-5.wav,1
malfunction/2023-02-12T085915-5.wav,1
serviceable/2023-02-08T165637-4.wav,0
malfunction/2023-02-08T190717-1.wav,1
malfunction/2023-02-12T214402-6.wav,1
serviceable/2023-02-07T143425-4.wav,0
malfunction/2023-02-12T215002-2.wav,1
malfunction/2023-02-08T193517-1.wav,1
malfunction/2023-02-12T091315-5.wav,1
serviceable/2023-02-07T145748-4.wav,0
malfunction/2023-02-08T185617-5.wav,1
malfunction/2023-02-08T195540-4.wav,1
serviceable/2023-02-08T162915-1.wav,0
malfunction/2023-02-08T185817-2.wav,1
malfunction/2023-02-12T090115-3.wav,1
malfunction/2023-02-08T190017-6.wav,1
malfunction/2023-02-12T213802-4.wav,1
serviceable/2023-02-07T152028-2.wav,0
malfunction/2023-02-12T212802-1.wav,1
malfunction/2023-02-08T190617-3.wav,1
malfunction/2023-02-12T090315-2.wav,1
serviceable/2023-02-08T161815-1.wav,0
malfunction/2023-02-08T191317-3.wav,1
serviceable/2023-02-08T161615-2.wav,0
malfunction/2023-02-08T195540-3.wav,1
malfunction/2023-02-12T091615-1.wav,1
malfunction/2023-02-12T090015-3.wav,1
malfunction/2023-02-12T214802-3.wav,1
malfunction/2023-02-08T193017-6.wav,1
malfunction/2023-02-12T212602-6.wav,1
malfunction/2023-02-15T163716-3.wav,1
serviceable/2023-02-07T142925-1.wav,0
malfunction/2023-02-12T091215-6.wav,1
malfunction/2023-02-08T191817-1.wav,1
serviceable/2023-02-08T155008-2.wav,0
malfunction/2023-02-12T221350-2.wav,1
serviceable/2023-02-07T145648-6.wav,0
malfunction/2023-02-08T191917-5.wav,1
malfunction/2023-02-15T163116-2.wav,1
malfunction/2023-02-15T162916-4.wav,1
malfunction/2023-02-15T162516-3.wav,1
serviceable/2023-02-08T154508-4.wav,0
malfunction/2023-02-12T091015-1.wav,1
serviceable/2023-02-08T163115-2.wav,0
malfunction/2023-02-12T221450-3.wav,1
malfunction/2023-02-08T192217-1.wav,1
malfunction/2023-02-12T090715-4.wav,1
malfunction/2023-02-12T214502-4.wav,1
serviceable/2023-02-08T162415-3.wav,0
malfunction/2023-02-12T090515-2.wav,1
serviceable/2023-02-08T165837-1.wav,0
serviceable/2023-02-08T165438-2.wav,0
serviceable/2023-02-08T165737-2.wav,0
malfunction/2023-02-12T091215-4.wav,1
malfunction/2023-02-12T213002-2.wav,1
malfunction/2023-02-08T193017-3.wav,1
serviceable/2023-02-07T142825-1.wav,0
malfunction/2023-02-12T213602-4.wav,1
malfunction/2023-02-08T184917-6.wav,1
malfunction/2023-02-08T193317-1.wav,1
serviceable/2023-02-08T164214-6.wav,0
malfunction/2023-02-15T162716-3.wav,1
malfunction/2023-02-12T085115-4.wav,1
serviceable/2023-02-07T143225-3.wav,0
malfunction/2023-02-08T184417-6.wav,1
malfunction/2023-02-08T191117-3.wav,1
serviceable/2023-02-08T165837-2.wav,0
malfunction/2023-02-12T212106-5.wav,1
malfunction/2023-02-12T085515-4.wav,1
malfunction/2023-02-12T222350-3.wav,1
serviceable/2023-02-07T142525-2.wav,0
serviceable/2023-02-08T162315-1.wav,0
malfunction/2023-02-15T163116-5.wav,1
malfunction/2023-02-08T190817-5.wav,1
malfunction/2023-02-12T214802-5.wav,1
malfunction/2023-02-08T190517-1.wav,1
serviceable/2023-02-08T162715-5.wav,0
malfunction/2023-02-12T091415-6.wav,1
malfunction/2023-02-15T162516-4.wav,1
malfunction/2023-02-08T195440-4.wav,1
malfunction/2023-02-15T163416-4.wav,1
serviceable/2023-02-07T152028-4.wav,0
serviceable/2023-02-08T164014-2.wav,0
serviceable/2023-02-07T142325-3.wav,0
malfunction/2023-02-12T222950-4.wav,1
malfunction/2023-02-08T192117-1.wav,1
serviceable/2023-02-07T143425-2.wav,0
malfunction/2023-02-08T184018-2.wav,1
serviceable/2023-02-07T150848-4.wav,0
serviceable/2023-02-08T154416-3.wav,0
malfunction/2023-02-12T212502-1.wav,1
malfunction/2023-02-08T195540-5.wav,1
serviceable/2023-02-08T160103-3.wav,0
serviceable/2023-02-08T160815-5.wav,0
malfunction/2023-02-12T085615-2.wav,1
malfunction/2023-02-08T191317-1.wav,1
malfunction/2023-02-12T213302-2.wav,1
malfunction/2023-02-15T163016-2.wav,1
malfunction/2023-02-12T090415-5.wav,1
malfunction/2023-02-12T221950-6.wav,1
serviceable/2023-02-08T164714-3.wav,0
serviceable/2023-02-08T163914-3.wav,0
malfunction/2023-02-08T184417-5.wav,1
serviceable/2023-02-08T162015-1.wav,0
malfunction/2023-02-08T190117-1.wav,1
malfunction/2023-02-08T190517-4.wav,1
serviceable/2023-02-08T155704-3.wav,0
malfunction/2023-02-15T162716-4.wav,1
malfunction/2023-02-12T214002-1.wav,1
malfunction/2023-02-08T190517-5.wav,1
malfunction/2023-02-12T091215-3.wav,1
malfunction/2023-02-12T213402-2.wav,1
malfunction/2023-02-15T163516-2.wav,1
malfunction/2023-02-15T162716-2.wav,1
malfunction/2023-02-08T195840-4.wav,1
malfunction/2023-02-12T222950-5.wav,1
malfunction/2023-02-08T192217-4.wav,1
malfunction/2023-02-12T212106-6.wav,1
malfunction/2023-02-12T214502-5.wav,1
malfunction/2023-02-08T192717-5.wav,1
serviceable/2023-02-08T161615-4.wav,0
malfunction/2023-02-12T090415-4.wav,1
malfunction/2023-02-12T085015-3.wav,1
malfunction/2023-02-08T184617-5.wav,1
malfunction/2023-02-08T195540-2.wav,1
serviceable/2023-02-08T154416-2.wav,0
serviceable/2023-02-08T164014-1.wav,0
malfunction/2023-02-12T085015-4.wav,1
malfunction/2023-02-08T190617-5.wav,1
serviceable/2023-02-07T143025-2.wav,0
malfunction/2023-02-12T091415-4.wav,1
malfunction/2023-02-12T212902-4.wav,1
serviceable/2023-02-07T151148-6.wav,0
serviceable/2023-02-08T163115-6.wav,0
serviceable/2023-02-08T161415-4.wav,0
malfunction/2023-02-12T091215-2.wav,1
malfunction/2023-02-12T213002-5.wav,1
malfunction/2023-02-12T221350-1.wav,1
malfunction/2023-02-08T184217-1.wav,1
malfunction/2023-02-12T213102-2.wav,1
malfunction/2023-02-12T090315-4.wav,1
serviceable/2023-02-08T162915-2.wav,0
serviceable/2023-02-07T144910-6.wav,0
malfunction/2023-02-12T090215-6.wav,1
malfunction/2023-02-12T214902-1.wav,1
malfunction/2023-02-12T090315-5.wav,1
malfunction/2023-02-15T163816-2.wav,1
serviceable/2023-02-08T155704-1.wav,0
serviceable/2023-02-07T142225-6.wav,0
malfunction/2023-02-12T090915-6.wav,1
serviceable/2023-02-08T164314-4.wav,0
serviceable/2023-02-08T160103-4.wav,0
malfunction/2023-02-08T195740-5.wav,1
malfunction/2023-02-15T163816-1.wav,1
serviceable/2023-02-07T145548-3.wav,0
malfunction/2023-02-12T214102-3.wav,1
malfunction/2023-02-12T213002-4.wav,1
malfunction/2023-02-12T213502-3.wav,1
serviceable/2023-02-07T142625-6.wav,0
malfunction/2023-02-12T213802-6.wav,1
serviceable/2023-02-08T164914-6.wav,0
malfunction/2023-02-08T191717-5.wav,1
malfunction/2023-02-12T214902-3.wav,1
malfunction/2023-02-12T090515-1.wav,1
malfunction/2023-02-12T215402-3.wav,1
serviceable/2023-02-07T144357-3.wav,0
malfunction/2023-02-08T195940-6.wav,1
malfunction/2023-02-08T195340-2.wav,1
serviceable/2023-02-08T160815-3.wav,0
serviceable/2023-02-07T145448-1.wav,0
malfunction/2023-02-08T185817-6.wav,1
malfunction/2023-02-12T215702-6.wav,1
malfunction/2023-02-12T085315-3.wav,1
serviceable/2023-02-08T163614-4.wav,0
serviceable/2023-02-08T161015-5.wav,0
serviceable/2023-02-08T165837-3.wav,0
serviceable/2023-02-08T154416-5.wav,0
malfunction/2023-02-08T184217-5.wav,1
serviceable/2023-02-07T150048-6.wav,0
malfunction/2023-02-08T193017-5.wav,1
serviceable/2023-02-08T164914-1.wav,0
malfunction/2023-02-12T091915-2.wav,1
malfunction/2023-02-12T214302-5.wav,1
malfunction/2023-02-08T190417-3.wav,1
malfunction/2023-02-08T190517-3.wav,1
malfunction/2023-02-15T163516-1.wav,1
serviceable/2023-02-08T163414-3.wav,0
malfunction/2023-02-15T163416-1.wav,1
malfunction/2023-02-12T222550-2.wav,1
serviceable/2023-02-08T164514-6.wav,0
serviceable/2023-02-07T150248-5.wav,0
serviceable/2023-02-08T165637-3.wav,0
malfunction/2023-02-08T195440-6.wav,1
malfunction/2023-02-12T091515-5.wav,1
malfunction/2023-02-15T162316-6.wav,1
malfunction/2023-02-12T085715-4.wav,1
malfunction/2023-02-12T090515-4.wav,1
malfunction/2023-02-12T221950-4.wav,1
malfunction/2023-02-12T215202-2.wav,1
malfunction/2023-02-12T212206-3.wav,1
malfunction/2023-02-08T185917-5.wav,1
malfunction/2023-02-08T191717-6.wav,1
malfunction/2023-02-08T184817-5.wav,1
malfunction/2023-02-12T222150-6.wav,1
malfunction/2023-02-12T214102-5.wav,1
malfunction/2023-02-08T193217-3.wav,1
serviceable/2023-02-08T163115-3.wav,0
malfunction/2023-02-12T221850-3.wav,1
malfunction/2023-02-15T163616-6.wav,1
malfunction/2023-02-12T091615-5.wav,1
malfunction/2023-02-12T215802-3.wav,1
malfunction/2023-02-08T195640-4.wav,1
malfunction/2023-02-12T222850-3.wav,1
serviceable/2023-02-07T142825-6.wav,0
serviceable/2023-02-08T154508-3.wav,0
malfunction/2023-02-08T185817-5.wav,1
malfunction/2023-02-08T195140-4.wav,1
malfunction/2023-02-12T091215-5.wav,1
malfunction/2023-02-12T090215-1.wav,1
malfunction/2023-02-12T222850-5.wav,1
malfunction/2023-02-08T192517-4.wav,1
malfunction/2023-02-12T090615-2.wav,1
malfunction/2023-02-12T213602-5.wav,1
malfunction/2023-02-15T163016-6.wav,1
malfunction/2023-02-15T162916-3.wav,1
malfunction/2023-02-12T090615-4.wav,1
malfunction/2023-02-12T221750-3.wav,1
malfunction/2023-02-12T212702-2.wav,1
malfunction/2023-02-12T085915-4.wav,1
serviceable/2023-02-08T160815-4.wav,0
malfunction/2023-02-12T213902-3.wav,1
serviceable/2023-02-08T155903-3.wav,0
malfunction/2023-02-08T184122-4.wav,1
malfunction/2023-02-08T193817-4.wav,1
malfunction/2023-02-12T222750-2.wav,1
malfunction/2023-02-15T162516-6.wav,1
serviceable/2023-02-08T161315-6.wav,0
malfunction/2023-02-08T192917-6.wav,1
serviceable/2023-02-08T162315-2.wav,0
malfunction/2023-02-08T192817-1.wav,1
malfunction/2023-02-08T185117-1.wav,1
malfunction/2023-02-08T191517-2.wav,1
malfunction/2023-02-12T091015-2.wav,1
malfunction/2023-02-12T214202-4.wav,1
malfunction/2023-02-08T184817-6.wav,1
serviceable/2023-02-07T143125-3.wav,0
serviceable/2023-02-08T162915-5.wav,0
malfunction/2023-02-12T215002-5.wav,1
serviceable/2023-02-08T165737-4.wav,0
malfunction/2023-02-12T092315-5.wav,1
malfunction/2023-02-15T163216-6.wav,1
malfunction/2023-02-12T092015-5.wav,1
malfunction/2023-02-15T162516-1.wav,1
serviceable/2023-02-08T154908-2.wav,0
malfunction/2023-02-08T184122-3.wav,1
malfunction/2023-02-12T085815-3.wav,1
serviceable/2023-02-08T163314-2.wav,0
malfunction/2023-02-12T214202-5.wav,1
serviceable/2023-02-08T160515-4.wav,0
serviceable/2023-02-07T150548-2.wav,0
malfunction/2023-02-12T085015-5.wav,1
serviceable/2023-02-08T161915-2.wav,0
serviceable/2023-02-08T161015-2.wav,0
malfunction/2023-02-12T221650-5.wav,1
serviceable/2023-02-07T150748-1.wav,0
malfunction/2023-02-12T092215-6.wav,1
serviceable/2023-02-08T162415-1.wav,0
malfunction/2023-02-12T092115-2.wav,1
serviceable/2023-02-07T145248-1.wav,0
serviceable/2023-02-08T164714-5.wav,0
serviceable/2023-02-07T144808-2.wav,0
serviceable/2023-02-08T161215-6.wav,0
malfunction/2023-02-08T192217-6.wav,1
malfunction/2023-02-08T190417-6.wav,1
malfunction/2023-02-12T090515-5.wav,1
malfunction/2023-02-12T215202-3.wav,1
serviceable/2023-02-08T164214-4.wav,0
serviceable/2023-02-08T162715-2.wav,0
serviceable/2023-02-07T145548-2.wav,0
malfunction/2023-02-08T185217-6.wav,1
malfunction/2023-02-12T090515-3.wav,1
serviceable/2023-02-07T150048-4.wav,0
serviceable/2023-02-08T160003-5.wav,0
malfunction/2023-02-15T164016-4.wav,1
serviceable/2023-02-07T143325-6.wav,0
malfunction/2023-02-12T091715-2.wav,1
malfunction/2023-02-08T184217-4.wav,1
malfunction/2023-02-08T191617-6.wav,1
serviceable/2023-02-08T155803-4.wav,0
malfunction/2023-02-12T222650-5.wav,1
malfunction/2023-02-08T191917-1.wav,1
malfunction/2023-02-12T091415-2.wav,1
malfunction/2023-02-12T215602-2.wav,1
malfunction/2023-02-12T213702-5.wav,1
malfunction/2023-02-08T193317-3.wav,1
serviceable/2023-02-08T162215-5.wav,0
malfunction/2023-02-12T092415-1.wav,1
serviceable/2023-02-08T163215-5.wav,0
malfunction/2023-02-12T085815-4.wav,1
serviceable/2023-02-08T154708-5.wav,0
malfunction/2023-02-08T193117-5.wav,1
malfunction/2023-02-12T221950-5.wav,1
malfunction/2023-02-12T214402-5.wav,1
serviceable/2023-02-08T163414-1.wav,0
malfunction/2023-02-08T195640-1.wav,1
malfunction/2023-02-12T085515-5.wav,1
malfunction/2023-02-12T222150-1.wav,1
malfunction/2023-02-12T085615-6.wav,1
malfunction/2023-02-15T163716-5.wav,1
serviceable/2023-02-07T145548-4.wav,0
serviceable/2023-02-08T165537-3.wav,0
serviceable/2023-02-08T154908-3.wav,0
malfunction/2023-02-08T191417-6.wav,1
serviceable/2023-02-08T165637-2.wav,0
malfunction/2023-02-12T213702-2.wav,1
malfunction/2023-02-15T163316-6.wav,1
malfunction/2023-02-12T214002-4.wav,1
serviceable/2023-02-08T160003-1.wav,0
serviceable/2023-02-07T150248-6.wav,0
serviceable/2023-02-07T142325-6.wav,0
serviceable/2023-02-08T154808-1.wav,0
serviceable/2023-02-07T144557-5.wav,0
malfunction/2023-02-15T163616-4.wav,1
serviceable/2023-02-08T164114-1.wav,0
malfunction/2023-02-15T163316-2.wav,1
malfunction/2023-02-08T191417-4.wav,1
malfunction/2023-02-08T193017-2.wav,1
malfunction/2023-02-12T085915-2.wav,1
malfunction/2023-02-08T192017-2.wav,1
malfunction/2023-02-12T214802-4.wav,1
serviceable/2023-02-07T142325-1.wav,0
malfunction/2023-02-08T184717-6.wav,1
malfunction/2023-02-08T191517-6.wav,1
serviceable/2023-02-07T152128-6.wav,0
malfunction/2023-02-08T190817-1.wav,1
malfunction/2023-02-08T192717-6.wav,1
malfunction/2023-02-08T192317-5.wav,1
serviceable/2023-02-08T165537-2.wav,0
malfunction/2023-02-08T190117-4.wav,1
serviceable/2023-02-08T155903-4.wav,0
malfunction/2023-02-12T092415-3.wav,1
malfunction/2023-02-12T090115-5.wav,1
serviceable/2023-02-08T160915-3.wav,0
serviceable/2023-02-08T162315-3.wav,0
serviceable/2023-02-08T162915-3.wav,0
malfunction/2023-02-12T085815-6.wav,1
serviceable/2023-02-07T144257-5.wav,0
malfunction/2023-02-08T190317-2.wav,1
serviceable/2023-02-08T160103-1.wav,0
malfunction/2023-02-12T092015-4.wav,1
malfunction/2023-02-12T214702-4.wav,1
serviceable/2023-02-07T145748-3.wav,0
malfunction/2023-02-12T212206-5.wav,1
serviceable/2023-02-08T161415-5.wav,0
malfunction/2023-02-15T164316-2.wav,1
serviceable/2023-02-07T143325-2.wav,0
serviceable/2023-02-08T163514-1.wav,0
malfunction/2023-02-08T185217-4.wav,1
malfunction/2023-02-12T212106-2.wav,1
malfunction/2023-02-12T214602-1.wav,1
malfunction/2023-02-08T185317-6.wav,1
malfunction/2023-02-08T192117-5.wav,1
malfunction/2023-02-12T215602-1.wav,1
